group	merge_mode	n_pairs	n_targets	n_molecules	pearson_conplex_vs_pAffinity	spearman_conplex_vs_pAffinity	pearson_flipped_score_vs_pAffinity	spearman_flipped_score_vs_pAffinity	linear_scaled_RMSE_pAffinity	linear_scaled_MAE_pAffinity	top10pct_pred_mean_pAffinity	bottom10pct_pred_mean_pAffinity	top_minus_bottom_pAffinity	flipped_top_minus_bottom_pAffinity	mean_pAffinity	median_pAffinity
L858R_T790M	normal	181	1	181	0.17004405664972283	0.0207327116163289	-0.17004405664972283	-0.0207327116163289	0.8445387510175459	0.6853141011153598	8.253170180363252	7.666811139603075	0.5863590407601773	-0.5863590407601773	7.54483999613239	7.552841968657781
WT	normal	83	1	83	0.2576809014194307	0.05791426823964337	-0.2576809014194307	-0.05791426823964337	1.0259697930870733	0.8188260850679199	7.832324047794257	7.052649225426004	0.7796748223682535	-0.7796748223682535	6.807015121155884	6.494850021680094
T790M	normal	30	1	30	-0.05423797334573037	-0.27948375611927023	0.05423797334573037	0.27948375611927023	0.8413416069186644	0.7184622047047429	8.016447098964248	7.574512731942252	0.44193436702199573	-0.44193436702199573	7.7693343215765545	7.6201283162011375
L858R	normal	26	1	26	0.16687325361679933	0.08036936174522959	-0.16687325361679933	-0.08036936174522959	1.1340228924268434	0.9488151432145027	8.403883251994053	7.248451754215126	1.1554314977789266	-1.1554314977789266	8.075383295788212	8.35848514510307
