group	merge_mode	n_pairs	n_targets	n_molecules	pearson_conplex_vs_pAffinity	spearman_conplex_vs_pAffinity	pearson_flipped_score_vs_pAffinity	spearman_flipped_score_vs_pAffinity	linear_scaled_RMSE_pAffinity	linear_scaled_MAE_pAffinity	top10pct_pred_mean_pAffinity	bottom10pct_pred_mean_pAffinity	top_minus_bottom_pAffinity	flipped_top_minus_bottom_pAffinity	mean_pAffinity	median_pAffinity
L858R	normal	107	1	107	0.32816628820840726	0.26867245736415823	-0.32816628820840726	-0.26867245736415823	1.367725180450648	1.1586034020043454	7.775305437440502	5.165436844156745	2.609868593283757	-2.609868593283757	6.2128523679343655	5.585026652029182
L861Q	normal	83	1	83	0.37289076163944124	0.1803186560818058	-0.37289076163944124	-0.1803186560818058	1.2807796282558137	0.9995890868561679	8.30885606164817	5.214648977987889	3.0942070836602804	-3.0942070836602804	5.897042551568037	5.017728766960431
G719C	normal	81	1	81	0.3927946580198281	0.20419395623986789	-0.3927946580198281	-0.20419395623986789	1.2671173546698307	0.9737941872719619	8.415934103687858	5.255660928441697	3.1602731752461617	-3.1602731752461617	5.897279756032566	5.154901959985743
G719S	normal	81	1	81	0.3989053082084294	0.20020021732831147	-0.3989053082084294	-0.20020021732831147	1.2527624822196617	0.9523301127764198	8.308954087983157	5.13350781727827	3.175446270704887	-3.175446270704887	5.820207942183015	5.0
T790M	normal	78	1	78	0.19574809788204364	0.17996665642237444	-0.19574809788204364	-0.17996665642237444	1.2746020121181154	0.9989660547735977	7.097197772171473	5.311234376134324	1.7859633960371486	-1.7859633960371486	5.877569994117189	5.032692070067256
WT	normal	64	1	64	0.3472290513525622	0.3922560875660194	-0.3472290513525622	-0.3922560875660194	1.1355712561413722	0.9061307191413037	9.13118596076068	6.903956998787699	2.2272289619729815	-2.2272289619729815	7.6146793021634736	7.597589660639418
L858R_T790M	normal	28	1	28	0.551141938192497	0.26893063950548485	-0.551141938192497	-0.26893063950548485	0.8712067313054075	0.7003912167836932	8.263715040969537	5.985545907326291	2.278169133643246	-2.278169133643246	8.552637538152926	8.799299729609228
L858R_T790M_C797S	normal	2	1	2											6.9695457417592745	6.9695457417592745
